Fecha,Observados,Predicción,Error
2020-03-15,53,51.8885592171046,1.1114407828954
