Fecha,Observados,Predicción,Error
2020-03-22,65,70.9244073975949,-5.924407397594905
